{"accuracy": [0.8190898299217224, 0.8873943090438843, 0.9027789235115051, 0.9081755876541138, 0.9168747663497925, 0.9209826588630676, 0.919532835483551, 0.9278292655944824, 0.9269432425498962, 0.9446637034416199, 0.9449859261512756, 0.9498993158340454, 0.9526379108428955, 0.9540072679519653, 0.9492549300193787, 0.951026976108551, 0.9523962736129761, 0.961981475353241, 0.9621425867080688], "val_accuracy": [0.8596774339675903, 0.8912903070449829, 0.8922580480575562, 0.8941935300827026, 0.8912903070449829, 0.9032257795333862, 0.8964515924453735, 0.8980644941329956, 0.9029031991958618, 0.907096803188324, 0.8961290121078491, 0.9064516425132751, 0.9103226065635681, 0.9154838919639587, 0.9045161008834839, 0.9145161509513855, 0.9158064723014832, 0.9112903475761414, 0.918064534664154], "loss": [0.5934146642684937, 0.35979902744293213, 0.30326512455940247, 0.2805168628692627, 0.2519543468952179, 0.23868146538734436, 0.23941437900066376, 0.2179236263036728, 0.2166016399860382, 0.16277891397476196, 0.15743131935596466, 0.14944802224636078, 0.14248128235340118, 0.1415545791387558, 0.1464114934206009, 0.14864251017570496, 0.1332305520772934, 0.11100555211305618, 0.11391656845808029], "val_loss": [0.4050292670726776, 0.3334469795227051, 0.3145359754562378, 0.30531030893325806, 0.3379155397415161, 0.2893398702144623, 0.31517064571380615, 0.3122174143791199, 0.30152958631515503, 0.28114721179008484, 0.3085302710533142, 0.3057025372982025, 0.27135565876960754, 0.26879486441612244, 0.31310805678367615, 0.29575660824775696, 0.27720633149147034, 0.2870575487613678, 0.27320051193237305]}